DROP SCHEMA IF EXISTS public CASCADE;
CREATE SCHEMA public;
SET search_path TO public;

CREATE TABLE Roles (
    id_rol      SERIAL PRIMARY KEY,
    rol         VARCHAR(20) NOT NULL
);

CREATE TABLE Users (
    id_usuario      SERIAL PRIMARY KEY,
    id_rol          INTEGER NOT NULL REFERENCES Roles(id_rol),
    contrasena      VARCHAR(100) NOT NULL, 
    nombre_usuario  VARCHAR(100),
    correo          VARCHAR(100)
);

CREATE TABLE Temporadas (
    id_temporada    SERIAL PRIMARY KEY,
    anyo            DATE NOT NULL
);

CREATE TABLE Pabellones (
    id_pabellon     SERIAL PRIMARY KEY,
    nombre_pab      VARCHAR(150) NOT NULL,
    ciudad          VARCHAR(100)
);

CREATE TABLE Posicion (
    id_posicion     SERIAL PRIMARY KEY,
    categoria       VARCHAR(10)  NOT NULL,   --Portero, Campo
    rol_especifico  VARCHAR(20)  NOT NULL
);

CREATE TABLE Equipos (
    id_equipo       INTEGER PRIMARY KEY,
    nombre_equipo   VARCHAR(100) NOT NULL,
    imagen_logo     TEXT,
    ciudad          VARCHAR(100),
    id_pabellon     INTEGER REFERENCES Pabellones(id_pabellon)
);

CREATE TABLE Jugadores (
    id_jugador      INTEGER PRIMARY KEY,
    nombre_jugador  VARCHAR(100) NOT NULL,
    dorsal          INTEGER NOT NULL,
    imagen_jugador  TEXT,
    id_posicion     INTEGER REFERENCES Posicion(id_posicion),
    id_equipo       INTEGER REFERENCES Equipos(id_equipo)
);

CREATE TABLE Partidos (
    id_partido          INTEGER PRIMARY KEY,
    id_equipo_local     INTEGER NOT NULL REFERENCES Equipos(id_equipo),
    id_equipo_visitante INTEGER NOT NULL REFERENCES Equipos(id_equipo),
    id_temporada        INTEGER NOT NULL REFERENCES Temporadas(id_temporada),
    id_pabellon         INTEGER REFERENCES Pabellones(id_pabellon),
    jornada             INTEGER,
    fecha               DATE,
    hora                TIME,
    goles_local         INTEGER DEFAULT 0,
    goles_visitante     INTEGER DEFAULT 0,
    condicion           VARCHAR(20)          -- local o visitante
);

CREATE TABLE Situacion_Juego (
    id_situacion    SERIAL PRIMARY KEY,
    descripcion     VARCHAR(100)
);

CREATE TABLE Estadisticas_Base (
    id_base             INTEGER PRIMARY KEY,
    id_jugador          INTEGER NOT NULL REFERENCES Jugadores(id_jugador),
    id_partido          INTEGER NOT NULL REFERENCES Partidos(id_partido),
    id_situacion        INTEGER REFERENCES Situacion_Juego(id_situacion),
    tiempo_def          VARCHAR(10),
    tiempo_tot          VARCHAR(10),
    valoracion_global   NUMERIC(5,1) DEFAULT 0,
    sancion_amarilla    INTEGER DEFAULT 0,
    sancion_2mins_1     INTEGER DEFAULT 0,
    sancion_2mins_2     INTEGER DEFAULT 0,
    sancion_roja        INTEGER DEFAULT 0,
    sancion_azul        INTEGER DEFAULT 0
);

CREATE TABLE Estadisticas_Campo (
    id_estads_campo                     INTEGER PRIMARY KEY,
    id_base                             INTEGER NOT NULL UNIQUE REFERENCES Estadisticas_Base(id_base),
    -- totales
    total_lanzamientos                  INTEGER DEFAULT 0,
    total_goles                         INTEGER DEFAULT 0,
    total_paradas                       INTEGER DEFAULT 0,
    total_postes                        INTEGER DEFAULT 0,
    total_fuera                         INTEGER DEFAULT 0,
    total_bloqueados                    INTEGER DEFAULT 0,
    -- 7 metros
    m7_lanzamientos                     INTEGER DEFAULT 0,
    m7_goles                            INTEGER DEFAULT 0,
    m7_paradas                          INTEGER DEFAULT 0,
    m7_postes                           INTEGER DEFAULT 0,
    m7_fuera                            INTEGER DEFAULT 0,
    m7_bloqueados                       INTEGER DEFAULT 0,
    -- contraataque
    contraataque_lanzamientos           INTEGER DEFAULT 0,
    contraataque_goles                  INTEGER DEFAULT 0,
    contraataque_paradas                INTEGER DEFAULT 0,
    contraataque_postes                 INTEGER DEFAULT 0,
    contraataque_fuera                  INTEGER DEFAULT 0,
    contraataque_bloqueados             INTEGER DEFAULT 0,
    -- 9 metros
    m9_lanzamientos                     INTEGER DEFAULT 0,
    m9_goles                            INTEGER DEFAULT 0,
    m9_paradas                          INTEGER DEFAULT 0,
    m9_postes                           INTEGER DEFAULT 0,
    m9_fuera                            INTEGER DEFAULT 0,
    m9_bloqueados                       INTEGER DEFAULT 0,
    -- extremo
    extremo_lanzamientos                INTEGER DEFAULT 0,
    extremo_goles                       INTEGER DEFAULT 0,
    extremo_paradas                     INTEGER DEFAULT 0,
    extremo_postes                      INTEGER DEFAULT 0,
    extremo_fuera                       INTEGER DEFAULT 0,
    extremo_bloqueados                  INTEGER DEFAULT 0,
    -- 6 metros / pivote / contraataque posicional
    m6_lanzamientos                     INTEGER DEFAULT 0,
    m6_goles                            INTEGER DEFAULT 0,
    m6_paradas                          INTEGER DEFAULT 0,
    m6_postes                           INTEGER DEFAULT 0,
    m6_fuera                            INTEGER DEFAULT 0,
    m6_bloqueados                       INTEGER DEFAULT 0,
    -- valoración positiva
    valoracion_positiva_asistencia      INTEGER DEFAULT 0,
    valoracion_positiva_recuperacion    INTEGER DEFAULT 0,
    -- valoración negativa
    valoracion_negativa_perdida         INTEGER DEFAULT 0,
    valoracion_negativa_pasos           INTEGER DEFAULT 0,
    valoracion_negativa_dobles          INTEGER DEFAULT 0,
    valoracion_negativa_falta_ataque    INTEGER DEFAULT 0
);

CREATE TABLE Jugadores_rivales (
    id_jugador_rival    INTEGER PRIMARY KEY,
    id_equipo           INTEGER REFERENCES Equipos(id_equipo),
    nombre              VARCHAR(100),
    dorsal              INTEGER,
    posicion            VARCHAR(50)
);

CREATE TABLE Zonas_porteria (
    id_zona     INTEGER PRIMARY KEY,
    zona        INTEGER NOT NULL   -- 1-9, cuadrícula 3x3
);

CREATE TABLE Estadisticas_portero (
    id_base     INTEGER PRIMARY KEY REFERENCES Estadisticas_Base(id_base)
    -- ampliar con columnas de detalle según necesidad
);

CREATE TABLE Portero_situaciones (
    id_portero_sit      SERIAL PRIMARY KEY,   -- renombrado para evitar colisión con Situacion_Juego
    id_base             INTEGER NOT NULL REFERENCES Estadisticas_Base(id_base),
    situacion           VARCHAR(20) NOT NULL, --posicional,contra ,7m
    goles_recibidos     INTEGER DEFAULT 0,
    lanzamientos_totales INTEGER DEFAULT 0
);

CREATE TABLE Portero_mapa_detalle (
    id_mapa             SERIAL PRIMARY KEY,
    id_base             INTEGER NOT NULL REFERENCES Estadisticas_Base(id_base),
    id_zona             INTEGER NOT NULL REFERENCES Zonas_porteria(id_zona),
    id_jugador_rival    INTEGER REFERENCES Jugadores_rivales(id_jugador_rival),
    resultado_jugada    VARCHAR(20) NOT NULL  --gol, parada ,poste ,fuera
);


INSERT INTO Roles (id_rol, rol) OVERRIDING SYSTEM VALUE VALUES
(1, 'Admin'),
(2, 'Entrenador'),
(3, 'Analista');

INSERT INTO Users (id_usuario, id_rol, contrasena, nombre_usuario, correo) OVERRIDING SYSTEM VALUE VALUES
(1, 1, 'password123', 'admin',      'admin@tactiq.com'),
(2, 2, 'password123', 'entrenador', 'entrenador@bmzaragoza.es'),
(3, 3, 'password123', 'analista',   'analista@bmzaragoza.es');

INSERT INTO Posicion (id_posicion, categoria, rol_especifico) OVERRIDING SYSTEM VALUE VALUES
(1, 'Portero', 'Portero'),
(2, 'Campo',   'Central'),
(3, 'Campo',   'Extremo'),
(4, 'Campo',   'Pivote'),
(5, 'Campo',   'Lateral');

INSERT INTO Temporadas (id_temporada, anyo) OVERRIDING SYSTEM VALUE VALUES
(1, '2025-09-01');

INSERT INTO Pabellones (id_pabellon, nombre_pab, ciudad) VALUES
(1,  'Palacio de los Deportes de Sevilla',    'Sevilla'),
(2,  'Pabellón Municipal de Internúcleos',    'Sagunto'),
(3,  'Polideportivo Municipal El Plantío',    'Burgos'),
(4,  'Pabellón Pitiu Rochel',                 'Alicante'),
(5,  'Pabellón de Es Pratet',                 'Ibiza'),
(6,  'Palacio de los Deportes de Riazor',     'A Coruña'),
(7,  'Pabellón Anaitasuna',                   'Pamplona'),
(8,  'Pabellón de la Albericia',              'Santander'),
(9,  'Palau d''Esports l''Illa de Benidorm',  'Benidorm'),
(10, 'Ciutat Esportiva Joan Gamper',          'Barcelona'),
(11, 'Pabellón Municipal de los Deportes',    'Pontevedra'),
(12, 'Polideportivo de Pumarín',              'Oviedo'),
(13, 'Pabellón Siglo XXI',                    'Zaragoza'),
(14, 'Pabellón Polideportivo San Andrés',     'Soria'),
(15, 'Pabellón Nuevo Carranque',              'Málaga'),
(16, 'Pabellón de los Sueños',               'Alcobendas');

INSERT INTO Equipos (id_equipo, nombre_equipo, ciudad, id_pabellon) VALUES
(1,  'BM Sevilla',            'Sevilla',     1),
(2,  'Puerto Sagunto',        'Sagunto',     2),
(3,  'San Pablo Burgos',      'Burgos',      3),
(4,  'CD Agustinos Alicante', 'Alicante',    4),
(5,  'Ibiza Eivissa',         'Ibiza',       5),
(6,  'Coruña',                'A Coruña',    6),
(7,  'H. Anaitasuna',         'Pamplona',    7),
(8,  'BM Sinfín',             'Santander',   8),
(9,  'Benidorm',              'Benidorm',    9),
(10, 'Barcelona B',           'Barcelona',  10),
(11, 'Cisne BM',              'Pontevedra', 11),
(12, 'U. Financiera Oviedo',  'Oviedo',     12),
(13, 'Balonmano Zaragoza',    'Zaragoza',   13),
(14, 'Balonmano Soria',       'Soria',      14),
(15, 'BM Ciudad de Málaga',   'Málaga',     15),
(16, 'Alcobendas',            'Alcobendas', 16);

INSERT INTO Jugadores (id_jugador, nombre_jugador, dorsal, id_posicion, id_equipo) VALUES
(12, 'Jorge Gómez Lite',            12, 1, 13),
(66, 'Alejandro Sanz Del Río',      66, 1, 13),
(97, 'Isaac Popa',                  97, 1, 13),
(71, 'Diego Monzón Alcochel',       71, 3, 13),
( 9, 'Enrique Camas Delgado',        9, 3, 13),
(35, 'Miguel Lanero Fernández',     35, 4, 13),
(42, 'Bruno Della Ratta',           42, 4, 13),
(58, 'Álvaro Acosta Clavero',       58, 4, 13),
( 8, 'Juan Martínez Córdova',        8, 5, 13),
(37, 'Jon Ander Iribar Carceller',  37, 5, 13),
( 2, 'Sergio Wagner de Figueiredo',  2, 5, 13),
(26, 'Miguel Arnillas Rodrigo',     26, 5, 13),
(11, 'Álex Plaza Jiménez',          11, 2, 13),
(13, 'Rafael Val Claramunt',        13, 2, 13),
(19, 'Mario N. Hernández Mimbela',  19, 2, 13),
(10, 'Daniel Villén Pueyo',         10, 2, 13),
(15, 'Marcos Andrés Ara',           15, 2, 13),
( 7, 'Álvaro Cendoya Murillo',       7, 2, 13),
(77, 'Álvaro del Valle Navasa',     77, 2, 13),
(17, 'Jorge Ortega Moreno',         17, 2, 13),
(18, 'Joel Romero Ramiro',          18, 2, 13),
(27, 'Daniel Sanjuán Sánchez',      27, 2, 13);

INSERT INTO Situacion_Juego (id_situacion, descripcion) OVERRIDING SYSTEM VALUE VALUES
(1, 'Ataque posicional igualdad'),
(2, 'Ataque posicional superioridad'),
(3, 'Ataque posicional inferioridad'),
(4, 'Contraataque'),
(5, 'Balance defensivo');

INSERT INTO Partidos (id_partido, id_equipo_local, id_equipo_visitante, id_temporada, id_pabellon, jornada, fecha, goles_local, goles_visitante, condicion) VALUES
( 1,  7, 13, 1,  7,  1, '2025-09-21', 32, 28, 'visitante'),
( 2, 13,  2, 1, 13,  2, '2025-09-28', 30, 29, 'local'),
( 3, 11, 13, 1, 11,  3, '2025-10-05', 31, 39, 'visitante'),
( 4, 13,  3, 1, 13,  4, '2025-10-12', 29, 37, 'local'),
( 5, 12, 13, 1, 12,  5, '2025-10-19', 24, 24, 'visitante'),
( 6, 13, 15, 1, 13,  6, '2025-10-26', 37, 25, 'local'),
( 7, 14, 13, 1, 14,  7, '2025-11-02', 32, 39, 'visitante'),
( 8, 13,  5, 1, 13,  8, '2025-11-09', 30, 28, 'local'),
( 9, 10, 13, 1, 10,  9, '2025-11-16', 36, 42, 'visitante'),
(10, 13,  8, 1, 13, 10, '2025-11-23', 33, 33, 'local');

INSERT INTO Zonas_porteria (id_zona, zona) VALUES
(1,1),(2,2),(3,3),(4,4),(5,5),(6,6),(7,7),(8,8),(9,9);

INSERT INTO Jugadores_rivales (id_jugador_rival, id_equipo, nombre, dorsal, posicion) VALUES
( 1,  7, 'Portero H. Anaitasuna',         1, 'Portero'),
( 2,  7, 'Lateral H. Anaitasuna',        10, 'Lateral'),
( 3,  7, 'Central H. Anaitasuna',        20, 'Central'),
( 4,  2, 'Portero Puerto Sagunto',         1, 'Portero'),
( 5,  2, 'Lateral Puerto Sagunto',        10, 'Lateral'),
( 6,  2, 'Central Puerto Sagunto',        20, 'Central'),
( 7, 11, 'Portero Cisne BM',               1, 'Portero'),
( 8, 11, 'Lateral Cisne BM',              10, 'Lateral'),
( 9, 11, 'Central Cisne BM',              20, 'Central'),
(10,  3, 'Portero San Pablo Burgos',       1, 'Portero'),
(11,  3, 'Lateral San Pablo Burgos',      10, 'Lateral'),
(12,  3, 'Central San Pablo Burgos',      20, 'Central'),
(13, 12, 'Portero U. Financiera Oviedo',   1, 'Portero'),
(14, 12, 'Lateral U. Financiera Oviedo',  10, 'Lateral'),
(15, 12, 'Central U. Financiera Oviedo',  20, 'Central'),
(16, 15, 'Portero BM Ciudad de Málaga',    1, 'Portero'),
(17, 15, 'Lateral BM Ciudad de Málaga',   10, 'Lateral'),
(18, 15, 'Central BM Ciudad de Málaga',   20, 'Central'),
(19, 14, 'Portero Balonmano Soria',        1, 'Portero'),
(20, 14, 'Lateral Balonmano Soria',       10, 'Lateral'),
(21, 14, 'Central Balonmano Soria',       20, 'Central'),
(22,  5, 'Portero Ibiza Eivissa',          1, 'Portero'),
(23,  5, 'Lateral Ibiza Eivissa',         10, 'Lateral'),
(24,  5, 'Central Ibiza Eivissa',         20, 'Central'),
(25, 10, 'Portero Barcelona B',            1, 'Portero'),
(26, 10, 'Lateral Barcelona B',           10, 'Lateral'),
(27, 10, 'Central Barcelona B',           20, 'Central'),
(28,  8, 'Portero BM Sinfín',             1, 'Portero'),
(29,  8, 'Lateral BM Sinfín',            10, 'Lateral'),
(30,  8, 'Central BM Sinfín',            20, 'Central');

INSERT INTO Estadisticas_Base
  (id_base,id_jugador,id_partido,id_situacion,tiempo_def,tiempo_tot,
   valoracion_global,sancion_amarilla,sancion_2mins_1,sancion_2mins_2,sancion_roja,sancion_azul)
VALUES
------ Partido 1: ANA - ZAR 
(  1, 12, 1,1,NULL,'30', 3.0,0,0,0,0,0),(  2,66, 1,1,NULL,'30',10.5,0,0,0,0,0),
(  3, 97, 1,1,NULL,NULL, 0.0,0,0,0,0,0),(  4,71, 1,1,NULL,'25',-2.5,0,1,0,0,0),
(  5, 35, 1,1,NULL,'35', 1.5,0,0,0,0,0),(  6, 8, 1,1,NULL,'30',-3.5,0,0,0,0,0),
(  7, 37, 1,1,NULL,'20',-1.5,0,1,0,0,0),(  8, 2, 1,1,NULL,'30', 1.0,0,0,0,0,0),
(  9, 11, 1,1,NULL,'28', 7.0,0,0,0,0,0),( 10,13, 1,1,NULL,'32', 0.5,0,0,0,0,0),
( 11, 19, 1,1,NULL, '5', 0.0,0,0,0,0,0),( 12,42, 1,1,NULL,'28', 1.0,0,0,0,0,0),
( 13, 10, 1,1,NULL,NULL, 0.0,0,0,0,0,0),( 14,15, 1,1,NULL,'32', 2.0,0,1,0,0,0),
( 15,  7, 1,1,NULL,NULL, 0.0,0,0,0,0,0),( 16,26, 1,1,'20',NULL, 0.0,0,0,0,0,0),
( 17, 77, 1,1,NULL,'25',-1.0,0,0,0,0,0),( 18,17, 1,1,NULL,NULL, 0.0,0,0,0,0,0),
( 19, 18, 1,1,NULL,NULL, 0.0,0,0,0,0,0),( 20, 9, 1,1,NULL,'52', 3.5,0,1,0,0,0),
( 21, 27, 1,1,NULL,NULL, 0.0,0,0,0,0,0),( 22,58, 1,1,NULL, '8', 0.0,0,0,0,0,0),
------ partido 2 ZAR - SAG 
( 23, 12, 2,1,NULL,'50', 5.0,0,0,0,0,0),( 24,66, 2,1,NULL, '0', 1.0,0,0,0,0,0),
( 25, 97, 2,1,NULL,NULL, 0.0,0,0,0,0,0),( 26,71, 2,1,NULL,NULL, 0.0,0,0,0,0,0),
( 27, 35, 2,1,NULL,'50', 2.5,0,0,0,0,0),( 28, 8, 2,1,NULL,'30', 0.0,0,1,0,0,0),
( 29, 37, 2,1,NULL,'30', 0.5,0,0,0,0,0),( 30, 2, 2,1,NULL,'40', 8.0,0,1,0,0,0),
( 31, 11, 2,1,NULL,'35',-2.0,0,0,0,0,0),( 32,13, 2,1,NULL,'25',-4.5,0,1,0,0,0),
( 33, 19, 2,1,NULL,'10',-0.5,0,0,0,0,0),( 34,42, 2,1,NULL,'20',-1.0,0,0,0,0,0),
( 35, 10, 2,1,NULL, '0', 0.0,0,0,0,0,0),( 36,15, 2,1,NULL,'40', 2.5,0,0,0,0,0),
( 37,  7, 2,1,NULL,NULL, 0.0,0,0,0,0,0),( 38,26, 2,1,'25', '0', 0.0,0,0,0,0,0),
( 39, 77, 2,1,NULL,'20',-0.5,0,0,0,0,0),( 40,17, 2,1,NULL,NULL, 0.0,0,0,0,0,0),
( 41, 18, 2,1,NULL,NULL, 0.0,0,0,0,0,0),( 42, 9, 2,1,NULL,'55', 7.0,0,0,0,0,0),
( 43, 27, 2,1,NULL,NULL, 0.0,0,0,0,0,0),( 44,58, 2,1,NULL, '5', 0.0,0,0,0,0,0),
------ partido 3 CIS - ZAR 
( 45, 12, 3,1,NULL,NULL, 0.0,0,0,0,0,0),( 46,66, 3,1,NULL,'45',17.0,0,0,0,0,0),
( 47, 97, 3,1,NULL,'15', 3.0,0,0,0,0,0),( 48,71, 3,1,NULL,'15', 0.5,0,0,0,0,0),
( 49, 35, 3,1,NULL,'45', 0.0,0,0,0,0,0),( 50, 8, 3,1,NULL,'30', 1.5,0,0,0,0,0),
( 51, 37, 3,1,NULL,'30', 0.5,0,0,0,0,0),( 52, 2, 3,1,NULL,'20',-0.5,0,1,0,0,0),
( 53, 11, 3,1,NULL,'25', 5.0,0,0,0,0,0),( 54,13, 3,1,NULL,'10',-2.5,0,0,0,0,0),
( 55, 19, 3,1,NULL,'20', 2.5,0,0,0,0,0),( 56,42, 3,1,NULL,'10',-2.5,0,0,0,0,0),
( 57, 10, 3,1,NULL,'15', 2.5,0,0,0,0,0),( 58,15, 3,1,NULL,'35', 2.0,0,1,0,0,0),
( 59,  7, 3,1,NULL,NULL, 0.0,0,0,0,0,0),( 60,26, 3,1,NULL,NULL, 0.0,0,0,0,0,0),
( 61, 77, 3,1,NULL,'25',-3.5,0,0,0,0,0),( 62,17, 3,1,NULL,NULL, 0.0,0,0,0,0,0),
( 63, 18, 3,1,NULL,NULL, 0.0,0,0,0,0,0),( 64, 9, 3,1,NULL,'35', 3.0,0,0,0,0,0),
( 65, 27, 3,1,NULL,NULL, 0.0,0,0,0,0,0),( 66,58, 3,1,NULL,'25', 0.0,0,1,0,0,0),
------ partido 4 ZAR - BUR 
( 67, 12, 4,1,NULL,'45', 7.5,0,0,0,0,0),( 68,66, 4,1,NULL,'15', 6.0,0,0,0,0,0),
( 69, 71, 4,1,NULL,'20',-1.5,0,0,0,0,0),( 70,35, 4,1,NULL,'40', 0.5,0,0,0,0,0),
( 71,  8, 4,1,NULL,'30',-0.5,0,0,0,0,0),( 72,37, 4,1,NULL,'30', 3.0,0,0,0,0,0),
( 73,  2, 4,1,NULL,'40', 0.0,0,0,0,0,0),( 74,11, 4,1,NULL,'15',-1.0,0,0,0,0,0),
( 75, 13, 4,1,NULL,'20', 0.0,0,0,0,0,0),( 76,19, 4,1,NULL,'25',-2.5,0,1,0,0,0),
( 77, 42, 4,1,NULL,'15',-2.0,0,1,0,0,0),( 78,10, 4,1,NULL, '0', 0.0,0,0,0,0,0),
( 79, 15, 4,1,NULL,'45', 5.5,0,1,0,0,0),( 80, 7, 4,1,NULL,NULL, 0.0,0,0,0,0,0),
( 81, 26, 4,1,NULL,NULL, 0.0,0,0,0,0,0),( 82,77, 4,1,NULL,'20',-4.0,0,1,1,0,0),
( 83, 17, 4,1,NULL,NULL, 0.0,0,0,0,0,0),( 84,18, 4,1,NULL,NULL, 0.0,0,0,0,0,0),
( 85,  9, 4,1,NULL,'45', 1.5,0,0,0,0,0),( 86,27, 4,1,NULL,NULL, 0.0,0,0,0,0,0),
( 87, 58, 4,1,NULL,'15', 0.0,0,0,0,0,0),
------ partido 5 OVI - ZAR 
( 88, 12, 5,1,NULL,'60',-5.5,0,0,0,0,0),( 89,66, 5,1,NULL, '0', 1.0,0,0,0,0,0),
( 90, 97, 5,1,NULL,NULL, 0.0,0,0,0,0,0),( 91,71, 5,1,NULL,'25',-1.5,0,0,0,0,0),
( 92, 35, 5,1,'20','55', 4.0,0,0,0,0,0),( 93, 8, 5,1,NULL,'27', 3.0,0,0,0,0,0),
( 94, 37, 5,1,NULL,'33', 3.0,0,0,0,0,0),( 95, 2, 5,1,NULL,'42',-0.5,0,1,0,0,0),
( 96, 11, 5,1,NULL,'30',-5.5,0,1,0,0,0),( 97,13, 5,1,NULL,'22', 0.0,0,0,0,0,0),
( 98, 19, 5,1,NULL, '8',-2.0,0,0,0,0,0),( 99,42, 5,1,NULL,'23', 1.0,0,0,0,0,0),
(100, 10, 5,1,'13', '0',-1.0,0,0,0,0,0),(101,15, 5,1,'8', '45', 2.0,0,0,0,0,0),
(102,  7, 5,1,NULL,NULL, 0.0,0,0,0,0,0),(103,26, 5,1,NULL,NULL, 0.0,0,0,0,0,0),
(104, 77, 5,1,NULL,'18',-2.0,0,0,0,0,0),(105,17, 5,1,NULL,NULL, 0.0,0,0,0,0,0),
(106, 18, 5,1,NULL,NULL, 0.0,0,0,0,0,0),(107, 9, 5,1,NULL,'20', 2.5,0,0,0,0,0),
(108, 27, 5,1,NULL,NULL, 0.0,0,0,0,0,0),(109,58, 5,1,NULL,'40',-1.0,0,0,0,0,0),
------ partido 6 ZAR - MÁL 
(110, 12, 6,1,NULL,'55',-3.5,0,0,0,0,0),(111,66, 6,1,NULL, '5', 0.0,0,0,0,0,0),
(112, 97, 6,1,NULL,NULL, 0.0,0,0,0,0,0),(113,71, 6,1,NULL,'22', 4.5,0,0,0,0,0),
(114, 35, 6,1,NULL,'33', 2.0,0,0,0,0,0),(115, 8, 6,1,NULL,'25', 2.0,0,0,0,0,0),
(116, 37, 6,1,NULL,'30', 4.5,0,0,0,0,0),(117, 2, 6,1,'5', '45', 4.5,0,0,0,0,0),
(118, 11, 6,1,NULL,'30', 4.5,0,0,0,0,0),(119,13, 6,1,NULL,'30', 4.5,0,0,0,0,0),
(120, 19, 6,1,NULL, '5', 0.5,0,0,0,0,0),(121,42, 6,1,NULL,NULL, 0.0,0,0,0,0,0),
(122, 10, 6,1,NULL,'10',-1.5,0,0,0,0,0),(123,15, 6,1,NULL,'35',-1.0,0,0,0,0,0),
(124,  7, 6,1,NULL,'15',-0.5,0,0,0,0,0),(125,26, 6,1,'10',NULL, 0.0,0,0,0,0,0),
(126, 77, 6,1,NULL,NULL, 0.0,0,0,0,0,0),(127,17, 6,1,NULL,NULL, 0.0,0,0,0,0,0),
(128, 18, 6,1,NULL,NULL, 0.0,0,0,0,0,0),(129, 9, 6,1,NULL,'45',-2.5,0,0,0,0,0),
(130, 27, 6,1,NULL,NULL, 0.0,0,0,0,0,0),(131,58, 6,1,NULL,'15', 2.5,0,0,0,0,0),
------ partido 7 SOR - ZAR 
(132, 12, 7,1,NULL,'52',13.5,0,0,0,0,0),(133,66, 7,1,NULL,NULL, 0.0,0,0,0,0,0),
(134, 97, 7,1,NULL, '8', 6.0,0,0,0,0,0),(135,71, 7,1,NULL,'23',-0.5,0,0,0,0,0),
(136, 35, 7,1,NULL,'37', 0.0,0,0,0,0,0),(137, 8, 7,1,NULL,'42', 5.5,0,0,0,0,0),
(138, 37, 7,1,NULL,'23', 1.0,0,0,0,0,0),(139, 2, 7,1,NULL,'52', 3.0,0,0,0,0,0),
(140, 11, 7,1,NULL,'23',-2.5,0,1,0,0,0),(141,13, 7,1,NULL,'37',-0.5,0,0,0,0,0),
(142, 19, 7,1,NULL, '3',-2.0,0,1,0,0,0),(143,42, 7,1,NULL,'25', 0.0,0,0,0,0,0),
(144, 10, 7,1,NULL,NULL, 0.0,0,0,0,0,0),(145,15, 7,1,'3', '35', 2.5,0,0,0,0,0),
(146,  7, 7,1,NULL, '0', 0.0,0,0,0,0,0),(147,26, 7,1,'33', '0', 0.0,0,0,0,0,0),
(148, 77, 7,1,NULL,NULL, 0.0,0,0,0,0,0),(149,17, 7,1,NULL,NULL, 0.0,0,0,0,0,0),
(150, 18, 7,1,NULL,NULL, 0.0,0,0,0,0,0),(151, 9, 7,1,NULL,'40',-1.0,0,0,0,0,0),
(152, 27, 7,1,NULL,NULL, 0.0,0,0,0,0,0),(153,58, 7,1,NULL,'20', 0.0,0,0,0,0,0),
------ partido 8 ZAR - IBI 
(154, 12, 8,1,NULL,'60',16.5,0,0,0,0,0),(155,66, 8,1,NULL,NULL, 0.0,0,0,0,0,0),
(156, 97, 8,1,NULL, '0', 0.0,0,0,0,0,0),(157,71, 8,1,NULL,'16', 0.5,0,0,0,0,0),
(158, 35, 8,1,NULL,'44', 2.0,0,1,0,0,0),(159, 8, 8,1,NULL,'42', 3.0,0,0,0,0,0),
(160, 37, 8,1,NULL,'18',-2.0,0,1,0,0,0),(161, 2, 8,1,NULL,'43', 1.5,0,0,0,0,0),
(162, 11, 8,1,NULL,'32', 4.5,0,0,0,0,0),(163,13, 8,1,NULL,'23', 0.0,0,0,0,0,0),
(164, 19, 8,1,NULL,'23', 1.0,0,0,0,0,0),(165,42, 8,1,NULL,'26',-1.0,0,1,0,0,0),
(166, 10, 8,1,'8',  '2', 1.0,0,0,0,0,0),(167,15, 8,1,NULL,'32', 0.0,0,0,0,0,0),
(168,  7, 8,1,NULL,NULL, 0.0,0,0,0,0,0),(169,26, 8,1,'18', '0', 2.0,0,0,0,0,0),
(170, 77, 8,1,NULL,NULL, 0.0,0,0,0,0,0),(171,17, 8,1,NULL,NULL, 0.0,0,0,0,0,0),
(172, 18, 8,1,NULL,NULL, 0.0,0,0,0,0,0),(173, 9, 8,1,NULL,'34', 6.5,0,0,0,0,0),
(174, 27, 8,1,NULL,NULL, 0.0,0,0,0,0,0),(175,58, 8,1,NULL,'26', 0.0,0,0,0,0,0),
------ partido 9 BAR - ZAR 
(176, 12, 9,1,NULL,'50',20.5,0,0,0,0,0),(177,66, 9,1,NULL,'10', 5.0,0,0,0,0,0),
(178, 97, 9,1,NULL,NULL, 0.0,0,0,0,0,0),(179,71, 9,1,NULL,'24', 4.0,0,0,0,0,0),
(180, 35, 9,1,NULL,'36', 0.0,0,1,0,0,0),(181, 8, 9,1,NULL,'28', 1.0,0,1,0,0,0),
(182, 37, 9,1,NULL,'32', 0.0,0,0,0,0,0),(183, 2, 9,1,NULL,'52', 4.5,0,0,0,0,0),
(184, 11, 9,1,NULL,'33',-5.0,0,0,0,0,0),(185,13, 9,1,NULL,'27',-3.0,0,0,0,0,0),
(186, 19, 9,1,NULL, '8', 1.0,0,0,0,0,0),(187,42, 9,1,NULL,'32', 1.5,0,0,0,0,0),
(188, 10, 9,1,NULL,NULL, 0.0,0,0,0,0,0),(189,15, 9,1,'8', '20',-1.5,0,1,0,0,0),
(190,  7, 9,1,NULL, '8', 1.0,0,0,0,0,0),(191,26, 9,1,'35',NULL, 2.0,0,0,0,0,0),
(192, 77, 9,1,NULL,NULL, 0.0,0,0,0,0,0),(193,17, 9,1,NULL,NULL, 0.0,0,0,0,0,0),
(194, 18, 9,1,NULL,NULL, 0.0,0,0,0,0,0),(195, 9, 9,1,NULL,'38', 1.0,0,0,0,0,0),
(196, 27, 9,1,NULL,NULL, 0.0,0,0,0,0,0),(197,58, 9,1,NULL,'22',-1.0,0,0,0,0,0),
------ Partido 10 ZAR - SAN 
(198, 12,10,1,NULL,'55', 6.0,0,0,0,0,0),(199,66,10,1,NULL,NULL, 0.0,0,0,0,0,0),
(200, 97,10,1,NULL, '5', 3.5,0,0,0,0,0),(201,71,10,1,NULL,'15', 1.0,0,0,0,0,0),
(202, 35,10,1,NULL,'45', 2.5,0,0,0,0,0),(203, 8,10,1,NULL,'20', 1.0,0,0,0,0,0),
(204, 37,10,1,NULL,'40', 4.5,0,0,0,0,0),(205, 2,10,1,NULL,'48', 4.0,0,0,0,0,0),
(206, 11,10,1,NULL,'50', 8.5,0,0,0,0,0),(207,13,10,1,NULL,'10', 0.0,0,0,0,0,0),
(208, 19,10,1,NULL,'12',-0.5,0,0,0,0,0),(209,42,10,1,NULL,'26',-1.5,0,1,1,0,0),
(210, 10,10,1,NULL,NULL, 0.0,0,0,0,0,0),(211,15,10,1,'4', '34',-0.5,0,1,0,0,0),
(212,  7,10,1,'3', NULL, 0.0,0,0,0,0,0),(213,26,10,1,'15',NULL,-2.0,0,0,0,1,0),
(214, 77,10,1,NULL,NULL, 0.0,0,0,0,0,0),(215,17,10,1,NULL,NULL, 0.0,0,0,0,0,0),
(216, 18,10,1,NULL,NULL, 0.0,0,0,0,0,0),(217, 9,10,1,NULL,'39', 3.0,0,0,0,0,0),
(218, 27,10,1,NULL,NULL, 0.0,0,0,0,0,0),(219,58,10,1,NULL,'21', 0.0,0,0,0,0,0);

INSERT INTO Estadisticas_Campo
  (id_estads_campo,id_base,
   total_lanzamientos,total_goles,total_paradas,total_postes,total_fuera,total_bloqueados,
   m7_lanzamientos,m7_goles,m7_paradas,m7_postes,m7_fuera,m7_bloqueados,
   contraataque_lanzamientos,contraataque_goles,contraataque_paradas,contraataque_postes,contraataque_fuera,contraataque_bloqueados,
   m9_lanzamientos,m9_goles,m9_paradas,m9_postes,m9_fuera,m9_bloqueados,
   extremo_lanzamientos,extremo_goles,extremo_paradas,extremo_postes,extremo_fuera,extremo_bloqueados,
   m6_lanzamientos,m6_goles,m6_paradas,m6_postes,m6_fuera,m6_bloqueados,
   valoracion_positiva_asistencia,valoracion_positiva_recuperacion,
   valoracion_negativa_perdida,valoracion_negativa_pasos,valoracion_negativa_dobles,valoracion_negativa_falta_ataque)
VALUES
-- partido 1
(  1,  4,1,0,1,0,0,0, 0,0,0,0,0,0, 0,0,0,0,0,0, 1,0,1,0,0,0, 0,0,0,0,0,0, 0,0,0,0,0,0, 0,0, 0,0,0,0),
(  2,  5,1,1,0,0,0,0, 0,0,0,0,0,0, 0,0,0,0,0,0, 1,1,0,0,0,0, 0,0,0,0,0,0, 0,0,0,0,0,0, 0,0, 0,0,0,0),
(  3,  6,5,1,4,0,0,0, 0,0,0,0,0,0, 0,0,0,0,0,0, 3,1,1,0,1,0, 0,0,0,0,0,0, 2,0,2,0,0,0, 1,0, 1,0,0,0),
(  4,  7,5,3,2,0,0,0, 0,0,0,0,0,0, 0,0,0,0,0,0, 3,1,2,0,0,0, 0,0,0,0,0,0, 2,2,0,0,0,0, 0,0, 1,0,0,1),
(  5,  8,4,3,1,0,0,0, 0,0,0,0,0,0, 0,0,0,0,0,0, 1,0,1,0,0,0, 0,0,0,0,0,0, 3,3,0,0,0,0, 2,0, 1,0,0,0),
(  6,  9,7,6,1,0,0,0, 1,1,0,0,0,0, 0,0,0,0,0,0, 2,2,0,0,0,0, 0,0,0,0,0,0, 4,3,1,0,0,0, 1,1, 1,0,0,0),
(  7, 10,3,2,1,0,0,0, 0,0,0,0,0,0, 0,0,0,0,0,0, 2,1,1,0,0,0, 0,0,0,0,0,0, 1,1,0,0,0,0, 1,0, 0,1,0,1),
(  8, 11,0,0,0,0,0,0, 0,0,0,0,0,0, 0,0,0,0,0,0, 0,0,0,0,0,0, 0,0,0,0,0,0, 0,0,0,0,0,0, 0,0, 0,0,0,1),
(  9, 12,4,2,2,0,0,0, 0,0,0,0,0,0, 0,0,0,0,0,0, 0,0,0,0,0,0, 0,0,0,0,0,0, 4,2,2,0,0,0, 0,0, 0,0,0,0),
( 10, 13,0,0,0,0,0,0, 0,0,0,0,0,0, 0,0,0,0,0,0, 0,0,0,0,0,0, 0,0,0,0,0,0, 0,0,0,0,0,0, 0,0, 0,0,0,0),
( 11, 14,2,1,1,0,0,0, 0,0,0,0,0,0, 0,0,0,0,0,0, 0,0,0,0,0,0, 0,0,0,0,0,0, 2,1,0,1,0,0, 0,1, 0,0,0,0),
( 12, 15,0,0,0,0,0,0, 0,0,0,0,0,0, 0,0,0,0,0,0, 0,0,0,0,0,0, 0,0,0,0,0,0, 0,0,0,0,0,0, 0,0, 0,0,0,0),
( 13, 16,0,0,0,0,0,0, 0,0,0,0,0,0, 0,0,0,0,0,0, 0,0,0,0,0,0, 0,0,0,0,0,0, 0,0,0,0,0,0, 0,0, 0,0,0,0),
( 14, 17,4,1,3,0,0,0, 0,0,0,0,0,0, 0,0,0,0,0,0, 3,1,1,0,1,0, 0,0,0,0,0,0, 1,0,1,0,0,0, 0,0, 0,0,0,0),
( 15, 18,0,0,0,0,0,0, 0,0,0,0,0,0, 0,0,0,0,0,0, 0,0,0,0,0,0, 0,0,0,0,0,0, 0,0,0,0,0,0, 0,0, 0,0,0,0),
( 16, 19,0,0,0,0,0,0, 0,0,0,0,0,0, 0,0,0,0,0,0, 0,0,0,0,0,0, 0,0,0,0,0,0, 0,0,0,0,0,0, 0,0, 0,0,0,0),
( 17, 20,12,8,4,0,0,0, 4,2,1,0,1,0, 0,0,0,0,0,0, 0,0,0,0,0,0, 3,2,1,0,0,0, 5,4,1,0,0,0, 2,1, 0,0,0,0),
( 18, 21,0,0,0,0,0,0, 0,0,0,0,0,0, 0,0,0,0,0,0, 0,0,0,0,0,0, 0,0,0,0,0,0, 0,0,0,0,0,0, 0,0, 0,0,0,0),
( 19, 22,0,0,0,0,0,0, 0,0,0,0,0,0, 0,0,0,0,0,0, 0,0,0,0,0,0, 0,0,0,0,0,0, 0,0,0,0,0,0, 0,0, 0,0,0,0),
-- partido 2
( 20, 26,0,0,0,0,0,0, 0,0,0,0,0,0, 0,0,0,0,0,0, 0,0,0,0,0,0, 0,0,0,0,0,0, 0,0,0,0,0,0, 0,0, 0,0,0,0),
( 21, 27,3,2,1,0,0,0, 0,0,0,0,0,0, 0,0,0,0,0,0, 0,0,0,0,0,0, 2,1,1,0,0,0, 1,1,0,0,0,0, 2,0, 0,0,0,0),
( 22, 28,4,2,2,0,0,0, 0,0,0,0,0,0, 0,0,0,0,0,0, 4,2,1,0,1,0, 0,0,0,0,0,0, 0,0,0,0,0,0, 0,0, 1,0,0,0),
( 23, 29,7,4,3,0,0,0, 0,0,0,0,0,0, 0,0,0,0,0,0, 3,2,0,0,1,0, 0,0,0,0,0,0, 4,2,2,0,0,0, 1,0, 0,0,0,0),
( 24, 30,6,5,1,0,0,0, 0,0,0,0,0,0, 0,0,0,0,0,0, 5,4,0,0,1,0, 0,0,0,0,0,0, 1,1,0,0,0,0, 4,2, 1,0,0,0),
( 25, 31,6,3,3,0,0,0, 0,0,0,0,0,0, 0,0,0,0,0,0, 2,1,0,0,1,0, 0,0,0,0,0,0, 4,2,2,0,0,0, 1,0, 2,0,0,0),
( 26, 32,3,1,2,0,0,0, 0,0,0,0,0,0, 0,0,0,0,0,0, 1,0,1,0,0,0, 0,0,0,0,0,0, 2,1,1,0,0,0, 1,0, 3,0,0,0),
( 27, 33,1,1,0,0,0,0, 0,0,0,0,0,0, 0,0,0,0,0,0, 0,0,0,0,0,0, 0,0,0,0,0,0, 1,1,0,0,0,0, 0,0, 1,0,0,0),
( 28, 34,2,1,1,0,0,0, 0,0,0,0,0,0, 0,0,0,0,0,0, 0,0,0,0,0,0, 0,0,0,0,0,0, 2,1,1,0,0,0, 0,0, 0,0,0,0),
( 29, 35,0,0,0,0,0,0, 0,0,0,0,0,0, 0,0,0,0,0,0, 0,0,0,0,0,0, 0,0,0,0,0,0, 0,0,0,0,0,0, 0,0, 0,0,0,0),
( 30, 36,5,3,2,0,0,0, 0,0,0,0,0,0, 0,0,0,0,0,0, 0,0,0,0,0,0, 0,0,0,0,0,0, 5,3,2,0,0,0, 4,2, 0,0,0,0),
( 31, 37,0,0,0,0,0,0, 0,0,0,0,0,0, 0,0,0,0,0,0, 0,0,0,0,0,0, 0,0,0,0,0,0, 0,0,0,0,0,0, 0,0, 0,0,0,0),
( 32, 38,0,0,0,0,0,0, 0,0,0,0,0,0, 0,0,0,0,0,0, 0,0,0,0,0,0, 0,0,0,0,0,0, 0,0,0,0,0,0, 0,0, 0,0,0,0),
( 33, 39,3,1,2,0,0,0, 0,0,0,0,0,0, 0,0,0,0,0,0, 1,0,1,0,0,0, 0,0,0,0,0,0, 2,1,1,0,0,0, 3,2, 2,0,0,0),
( 34, 40,0,0,0,0,0,0, 0,0,0,0,0,0, 0,0,0,0,0,0, 0,0,0,0,0,0, 0,0,0,0,0,0, 0,0,0,0,0,0, 0,0, 0,0,0,0),
( 35, 41,0,0,0,0,0,0, 0,0,0,0,0,0, 0,0,0,0,0,0, 0,0,0,0,0,0, 0,0,0,0,0,0, 0,0,0,0,0,0, 0,0, 0,0,0,0),
( 36, 42,8,7,1,0,0,0, 6,5,1,0,0,0, 0,0,0,0,0,0, 0,0,0,0,0,0, 1,1,0,0,0,0, 1,1,0,0,0,0, 2,1, 0,0,0,0),
( 37, 43,0,0,0,0,0,0, 0,0,0,0,0,0, 0,0,0,0,0,0, 0,0,0,0,0,0, 0,0,0,0,0,0, 0,0,0,0,0,0, 0,0, 0,0,0,0),
( 38, 44,0,0,0,0,0,0, 0,0,0,0,0,0, 0,0,0,0,0,0, 0,0,0,0,0,0, 0,0,0,0,0,0, 0,0,0,0,0,0, 0,0, 0,0,0,0),
-- partido 3
( 39, 48,3,2,1,0,0,0, 1,1,0,0,0,0, 0,0,0,0,0,0, 0,0,0,0,0,0, 0,0,0,0,0,0, 1,1,0,0,0,0, 0,0, 0,0,0,0),
( 40, 49,0,0,0,0,0,0, 0,0,0,0,0,0, 0,0,0,0,0,0, 0,0,0,0,0,0, 0,0,0,0,0,0, 0,0,0,0,0,0, 1,0, 0,0,0,1),
( 41, 50,10,4,6,0,0,0, 1,1,0,0,0,0, 0,0,0,0,0,0, 8,3,4,0,1,0, 0,0,0,0,0,0, 1,0,1,0,0,0, 2,0, 2,0,0,1),
( 42, 51,5,4,1,0,0,0, 0,0,0,0,0,0, 0,0,0,0,0,0, 2,1,1,0,0,0, 0,0,0,0,0,0, 3,3,0,0,0,0, 2,0, 4,0,0,1),
( 43, 52,5,3,2,0,0,0, 0,0,0,0,0,0, 0,0,0,0,0,0, 2,0,1,0,0,1, 0,0,0,0,0,0, 3,3,0,0,0,0, 3,1, 3,0,0,0),
( 44, 53,6,4,2,0,0,0, 0,0,0,0,0,0, 0,0,0,0,0,0, 4,3,0,0,0,1, 0,0,0,0,0,0, 1,1,0,0,0,0, 2,0, 0,0,0,0),
( 45, 54,3,1,2,0,0,0, 0,0,0,0,0,0, 0,0,0,0,0,0, 2,0,1,0,0,1, 0,0,0,0,0,0, 1,1,0,0,0,0, 1,0, 3,0,0,0),
( 46, 55,5,3,2,0,0,0, 0,0,0,0,0,0, 0,0,0,0,0,0, 1,0,0,0,0,1, 0,0,0,0,0,0, 0,3,2,0,0,0, 3,1, 0,0,0,0),
( 47, 56,1,0,1,0,0,0, 0,0,0,0,0,0, 0,0,0,0,0,0, 0,0,0,0,0,0, 0,0,0,0,0,0, 1,0,1,0,0,0, 0,0, 1,0,0,0),
( 48, 57,1,1,0,0,0,0, 0,0,0,0,0,0, 0,0,0,0,0,0, 0,0,0,0,0,0, 0,0,0,0,0,0, 1,1,0,0,0,0, 3,1, 1,0,0,0),
( 49, 58,6,5,1,0,0,0, 0,0,0,0,0,0, 0,0,0,0,0,0, 0,0,0,0,0,0, 0,0,0,0,0,0, 0,5,0,0,1,0, 3,2, 1,0,0,0),
( 50, 59,0,0,0,0,0,0, 0,0,0,0,0,0, 0,0,0,0,0,0, 0,0,0,0,0,0, 0,0,0,0,0,0, 0,0,0,0,0,0, 0,0, 0,0,0,0),
( 51, 60,0,0,0,0,0,0, 0,0,0,0,0,0, 0,0,0,0,0,0, 0,0,0,0,0,0, 0,0,0,0,0,0, 0,0,0,0,0,0, 0,0, 0,0,0,0),
( 52, 61,1,0,1,0,0,0, 0,0,0,0,0,0, 0,0,0,0,0,0, 0,0,0,0,0,0, 0,0,0,0,0,0, 1,0,1,0,0,0, 0,0, 2,0,0,0),
( 53, 62,0,0,0,0,0,0, 0,0,0,0,0,0, 0,0,0,0,0,0, 0,0,0,0,0,0, 0,0,0,0,0,0, 0,0,0,0,0,0, 0,0, 0,0,0,0),
( 54, 63,0,0,0,0,0,0, 0,0,0,0,0,0, 0,0,0,0,0,0, 0,0,0,0,0,0, 0,0,0,0,0,0, 0,0,0,0,0,0, 0,0, 0,0,0,0),
( 55, 64,1,1,0,0,0,0, 1,1,0,0,0,0, 0,0,0,0,0,0, 0,0,0,0,0,0, 0,0,0,0,0,0, 0,0,0,0,0,0, 2,0, 0,0,0,0),
( 56, 65,0,0,0,0,0,0, 0,0,0,0,0,0, 0,0,0,0,0,0, 0,0,0,0,0,0, 0,0,0,0,0,0, 0,0,0,0,0,0, 0,0, 0,0,0,0),
( 57, 66,3,3,0,0,0,0, 0,0,0,0,0,0, 0,0,0,0,0,0, 0,0,0,0,0,0, 3,3,0,0,0,0, 0,0,0,0,0,0, 0,0, 2,0,0,1),
-- partido 4
( 58, 69,3,1,2,0,0,0, 1,0,0,0,0,1, 0,0,0,0,0,0, 0,0,0,0,0,0, 2,1,1,0,0,0, 0,0,0,0,0,0, 0,0, 0,0,0,0),
( 59, 70,5,3,2,0,0,0, 0,0,0,0,0,0, 0,0,0,0,0,0, 0,0,0,0,0,0, 4,2,1,0,1,0, 1,1,0,0,0,0, 0,0, 0,0,0,0),
( 60, 71,11,5,6,0,0,0, 1,0,1,0,0,0, 0,0,0,0,0,0, 8,3,3,0,2,0, 0,0,0,0,0,0, 2,2,0,0,0,0, 2,1, 4,0,0,0),
( 61, 72,6,4,2,0,0,0, 0,0,0,0,0,0, 0,0,0,0,0,0, 5,3,1,0,1,0, 0,0,0,0,0,0, 1,1,0,0,0,0, 2,0, 3,0,0,0),
( 62, 73,6,3,3,0,0,0, 0,0,0,0,0,0, 0,0,0,0,0,0, 2,1,1,0,0,0, 0,0,0,0,0,0, 4,2,2,0,0,0, 4,0, 3,0,0,0),
( 63, 74,5,3,2,0,0,0, 2,1,1,0,0,0, 0,0,0,0,0,0, 1,1,0,0,0,0, 0,0,0,0,0,0, 2,1,1,0,0,0, 0,0, 1,0,0,1),
( 64, 75,2,1,1,0,0,0, 0,0,0,0,0,0, 0,0,0,0,0,0, 1,0,1,0,0,0, 0,0,0,0,0,0, 1,1,0,0,0,0, 1,0, 1,0,0,0),
( 65, 76,3,1,2,0,0,0, 0,0,0,0,0,0, 0,0,0,0,0,0, 0,0,0,0,0,0, 0,0,0,0,0,0, 3,1,1,0,1,0, 3,0, 2,0,0,1),
( 66, 77,2,1,1,0,0,0, 0,0,0,0,0,0, 0,0,0,0,0,0, 0,0,0,0,0,0, 0,0,0,0,0,0, 2,1,1,0,0,0, 1,0, 1,0,0,0),
( 67, 78,0,0,0,0,0,0, 0,0,0,0,0,0, 0,0,0,0,0,0, 0,0,0,0,0,0, 0,0,0,0,0,0, 0,0,0,0,0,0, 0,0, 0,0,0,0),
( 68, 79,3,2,1,0,0,0, 0,0,0,0,0,0, 0,0,0,0,0,0, 0,0,0,0,0,0, 0,0,0,0,0,0, 3,2,1,0,0,0, 8,2, 1,0,0,0),
( 69, 80,0,0,0,0,0,0, 0,0,0,0,0,0, 0,0,0,0,0,0, 0,0,0,0,0,0, 0,0,0,0,0,0, 0,0,0,0,0,0, 0,0, 0,0,0,0),
( 70, 81,0,0,0,0,0,0, 0,0,0,0,0,0, 0,0,0,0,0,0, 0,0,0,0,0,0, 0,0,0,0,0,0, 0,0,0,0,0,0, 0,0, 0,0,0,0),
( 71, 82,2,1,1,0,0,0, 0,0,0,0,0,0, 0,0,0,0,0,0, 1,0,1,0,0,0, 0,0,0,0,0,0, 1,1,0,0,0,0, 0,0, 2,0,1,0),
( 72, 83,0,0,0,0,0,0, 0,0,0,0,0,0, 0,0,0,0,0,0, 0,0,0,0,0,0, 0,0,0,0,0,0, 0,0,0,0,0,0, 0,0, 0,0,0,0),
( 73, 84,0,0,0,0,0,0, 0,0,0,0,0,0, 0,0,0,0,0,0, 0,0,0,0,0,0, 0,0,0,0,0,0, 0,0,0,0,0,0, 0,0, 0,0,0,0),
( 74, 85,6,4,2,0,0,0, 3,2,1,0,0,0, 0,0,0,0,0,0, 0,0,0,0,0,0, 3,2,1,0,0,0, 0,0,0,0,0,0, 0,0, 0,0,0,0),
( 75, 86,0,0,0,0,0,0, 0,0,0,0,0,0, 0,0,0,0,0,0, 0,0,0,0,0,0, 0,0,0,0,0,0, 0,0,0,0,0,0, 0,0, 0,0,0,0),
( 76, 87,0,0,0,0,0,0, 0,0,0,0,0,0, 0,0,0,0,0,0, 0,0,0,0,0,0, 0,0,0,0,0,0, 0,0,0,0,0,0, 0,0, 0,0,0,0),
-- partido 5
( 77, 91,3,1,2,0,0,0, 0,0,0,0,0,0, 0,0,0,0,0,0, 0,0,0,0,0,0, 2,0,1,1,0,0, 1,1,0,0,0,0, 0,0, 0,0,0,0),
( 78, 92,2,1,1,0,0,0, 0,0,0,0,0,0, 0,0,0,0,0,0, 0,0,0,0,0,0, 2,1,1,0,0,0, 0,0,0,0,0,0, 0,5, 0,0,0,1),
( 79, 93,7,4,3,0,0,0, 1,1,0,0,0,0, 0,0,0,0,0,0, 6,3,3,0,0,0, 0,0,0,0,0,0, 0,0,0,0,0,0, 1,1, 2,0,0,0),
( 80, 94,8,5,3,0,0,0, 0,0,0,0,0,0, 0,0,0,0,0,0, 3,1,0,0,1,1, 0,0,0,0,0,0, 5,4,1,0,0,0, 3,2, 1,0,0,1),
( 81, 95,3,3,0,0,0,0, 0,0,0,0,0,0, 0,0,0,0,0,0, 0,0,0,0,0,0, 0,0,0,0,0,0, 3,3,0,0,0,0, 2,0, 1,0,0,1),
( 82, 96,5,3,2,0,0,0, 0,0,0,0,0,0, 0,0,0,0,0,0, 2,0,1,0,0,1, 0,0,0,0,0,0, 3,3,0,0,0,0, 0,0, 4,0,0,0),
( 83, 97,2,1,1,0,0,0, 0,0,0,0,0,0, 0,0,0,0,0,0, 1,0,1,0,0,0, 0,0,0,0,0,0, 1,1,0,0,0,0, 0,0, 1,0,0,0),
( 84, 98,0,0,0,0,0,0, 0,0,0,0,0,0, 0,0,0,0,0,0, 0,0,0,0,0,0, 0,0,0,0,0,0, 0,0,0,0,0,0, 0,0, 1,0,0,1),
( 85, 99,0,0,0,0,0,0, 0,0,0,0,0,0, 0,0,0,0,0,0, 0,0,0,0,0,0, 0,0,0,0,0,0, 0,0,0,0,0,0, 0,0, 0,0,0,0),
( 86,100,0,0,0,0,0,0, 0,0,0,0,0,0, 0,0,0,0,0,0, 0,0,0,0,0,0, 0,0,0,0,0,0, 0,0,0,0,0,0, 0,0, 1,0,0,0),
( 87,101,4,3,1,0,0,0, 0,0,0,0,0,0, 0,0,0,0,0,0, 0,0,0,0,0,0, 0,0,0,0,0,0, 4,3,0,0,1,0, 0,0, 1,0,0,0),
( 88,102,0,0,0,0,0,0, 0,0,0,0,0,0, 0,0,0,0,0,0, 0,0,0,0,0,0, 0,0,0,0,0,0, 0,0,0,0,0,0, 0,0, 0,0,0,0),
( 89,103,0,0,0,0,0,0, 0,0,0,0,0,0, 0,0,0,0,0,0, 0,0,0,0,0,0, 0,0,0,0,0,0, 0,0,0,0,0,0, 0,0, 0,0,0,0),
( 90,104,2,0,2,0,0,0, 0,0,0,0,0,0, 0,0,0,0,0,0, 1,0,1,0,0,0, 0,0,0,0,0,0, 1,0,1,0,0,0, 0,0, 0,0,0,0),
( 91,105,0,0,0,0,0,0, 0,0,0,0,0,0, 0,0,0,0,0,0, 0,0,0,0,0,0, 0,0,0,0,0,0, 0,0,0,0,0,0, 0,0, 0,0,0,0),
( 92,106,0,0,0,0,0,0, 0,0,0,0,0,0, 0,0,0,0,0,0, 0,0,0,0,0,0, 0,0,0,0,0,0, 0,0,0,0,0,0, 0,0, 0,0,0,0),
( 93,107,3,2,1,0,0,0, 3,2,0,0,1,0, 0,0,0,0,0,0, 0,0,0,0,0,0, 0,0,0,0,0,0, 0,0,0,0,0,0, 0,1, 0,0,0,0),
( 94,108,0,0,0,0,0,0, 0,0,0,0,0,0, 0,0,0,0,0,0, 0,0,0,0,0,0, 0,0,0,0,0,0, 0,0,0,0,0,0, 0,0, 0,0,0,0),
( 95,109,3,1,2,0,0,0, 0,0,0,0,0,0, 0,0,0,0,0,0, 0,0,0,0,0,0, 3,1,1,0,1,0, 0,0,0,0,0,0, 0,1, 0,0,0,0),
-- partido 6
( 96,113,7,6,1,0,0,0, 0,0,0,0,0,0, 0,0,0,0,0,0, 0,0,0,0,0,0, 6,5,1,0,0,0, 1,1,0,0,0,0, 0,0, 0,0,0,0),
( 97,114,1,1,0,0,0,0, 0,0,0,0,0,0, 0,0,0,0,0,0, 0,0,0,0,0,0, 1,1,0,0,0,0, 0,0,0,0,0,0, 0,0, 0,0,0,0),
( 98,115,8,3,5,0,0,0, 0,0,0,0,0,0, 0,0,0,0,0,0, 7,2,2,2,0,1, 0,0,0,0,0,0, 1,1,0,0,0,0, 2,1, 2,0,0,0),
( 99,116,5,3,2,0,0,0, 0,0,0,0,0,0, 0,0,0,0,0,0, 4,3,0,0,0,1, 0,0,0,0,0,0, 1,0,1,0,0,0, 2,0, 0,0,0,0),
(100,117,7,4,3,0,0,0, 0,0,0,0,0,0, 0,0,0,0,0,0, 5,3,1,0,1,0, 0,0,0,0,0,0, 2,1,1,0,0,0, 2,0, 1,0,0,0),
(101,118,10,7,3,0,0,0, 3,3,0,0,0,0, 0,0,0,0,0,0, 1,0,1,0,0,0, 0,0,0,0,0,0, 6,4,1,0,1,0, 2,1, 1,0,0,0),
(102,119,3,2,1,0,0,0, 0,0,0,0,0,0, 0,0,0,0,0,0, 2,1,0,0,1,0, 0,0,0,0,0,0, 1,1,0,0,0,0, 1,0, 0,0,0,0),
(103,120,1,1,0,0,0,0, 0,0,0,0,0,0, 0,0,0,0,0,0, 0,0,0,0,0,0, 0,0,0,0,0,0, 1,1,0,0,0,0, 0,0, 0,0,0,0),
(104,121,0,0,0,0,0,0, 0,0,0,0,0,0, 0,0,0,0,0,0, 0,0,0,0,0,0, 0,0,0,0,0,0, 0,0,0,0,0,0, 0,0, 0,0,0,0),
(105,122,1,0,1,0,0,0, 0,0,0,0,0,0, 0,0,0,0,0,0, 0,0,0,0,0,0, 0,0,0,0,0,0, 1,0,0,1,0,0, 0,0, 0,0,0,1),
(106,123,6,3,3,0,0,0, 0,0,0,0,0,0, 0,0,0,0,0,0, 0,0,0,0,0,0, 0,0,0,0,0,0, 6,3,2,0,1,0, 0,2, 0,0,0,0),
(107,124,1,1,0,0,0,0, 0,0,0,0,0,0, 0,0,0,0,0,0, 0,0,0,0,0,0, 0,0,0,0,0,0, 1,1,0,0,0,0, 0,0, 0,0,0,0),
(108,125,0,0,0,0,0,0, 0,0,0,0,0,0, 0,0,0,0,0,0, 0,0,0,0,0,0, 0,0,0,0,0,0, 0,0,0,0,0,0, 0,0, 0,0,0,0),
(109,126,0,0,0,0,0,0, 0,0,0,0,0,0, 0,0,0,0,0,0, 0,0,0,0,0,0, 0,0,0,0,0,0, 0,0,0,0,0,0, 0,0, 0,0,0,0),
(110,127,0,0,0,0,0,0, 0,0,0,0,0,0, 0,0,0,0,0,0, 0,0,0,0,0,0, 0,0,0,0,0,0, 0,0,0,0,0,0, 0,0, 0,0,0,0),
(111,128,0,0,0,0,0,0, 0,0,0,0,0,0, 0,0,0,0,0,0, 0,0,0,0,0,0, 0,0,0,0,0,0, 0,0,0,0,0,0, 0,0, 0,0,0,0),
(112,129,6,3,3,0,0,0, 1,0,0,1,0,0, 0,0,0,0,0,0, 0,0,0,0,0,0, 1,1,0,0,0,0, 4,2,2,0,0,0, 0,0, 0,0,0,0),
(113,130,0,0,0,0,0,0, 0,0,0,0,0,0, 0,0,0,0,0,0, 0,0,0,0,0,0, 0,0,0,0,0,0, 0,0,0,0,0,0, 0,0, 0,0,0,0),
(114,131,3,3,0,0,0,0, 0,0,0,0,0,0, 0,0,0,0,0,0, 0,0,0,0,0,0, 2,2,0,0,0,0, 1,1,0,0,0,0, 0,0, 0,0,0,0),
-- partido 7
(115,135,2,1,1,0,0,0, 0,0,0,0,0,0, 0,0,0,0,0,0, 0,0,0,0,0,0, 1,0,0,0,1,0, 1,1,0,0,0,0, 0,0, 0,0,0,0),
(116,136,1,0,1,0,0,0, 0,0,0,0,0,0, 0,0,0,0,0,0, 0,0,0,0,0,0, 1,0,1,0,0,0, 0,0,0,0,0,0, 0,1, 0,0,0,0),
(117,137,8,6,2,0,0,0, 3,3,0,0,0,0, 0,0,0,0,0,0, 5,3,1,0,0,1, 0,0,0,0,0,0, 0,0,0,0,0,0, 0,0, 2,0,0,0),
(118,138,2,2,0,0,0,0, 0,0,0,0,0,0, 0,0,0,0,0,0, 1,1,0,0,0,0, 0,0,0,0,0,0, 1,1,0,0,0,0, 2,0, 2,0,0,1),
(119,139,12,8,4,0,0,0, 0,0,0,0,0,0, 0,0,0,0,0,0, 3,2,1,0,0,0, 0,0,0,0,0,0, 9,6,3,0,0,0, 2,2, 3,1,0,0),
(120,140,8,4,4,0,0,0, 2,1,1,0,0,0, 0,0,0,0,0,0, 3,0,2,0,0,1, 0,0,0,0,0,0, 3,3,0,0,0,0, 0,1, 1,0,0,0),
(121,141,3,2,1,0,0,0, 0,0,0,0,0,0, 0,0,0,0,0,0, 1,0,0,0,1,0, 0,0,0,0,0,0, 2,2,0,0,0,0, 0,0, 3,0,0,0),
(122,142,0,0,0,0,0,0, 0,0,0,0,0,0, 0,0,0,0,0,0, 0,0,0,0,0,0, 0,0,0,0,0,0, 0,0,0,0,0,0, 0,0, 0,0,0,0),
(123,143,2,2,0,0,0,0, 0,0,0,0,0,0, 0,0,0,0,0,0, 0,0,0,0,0,0, 0,0,0,0,0,0, 2,2,0,0,0,0, 0,0, 0,0,0,0),
(124,144,0,0,0,0,0,0, 0,0,0,0,0,0, 0,0,0,0,0,0, 0,0,0,0,0,0, 0,0,0,0,0,0, 0,0,0,0,0,0, 0,0, 0,0,0,0),
(125,145,3,2,1,0,0,0, 0,0,0,0,0,0, 0,0,0,0,0,0, 1,1,0,0,0,0, 0,0,0,0,0,0, 2,1,0,1,0,0, 0,1, 0,0,0,0),
(126,146,0,0,0,0,0,0, 0,0,0,0,0,0, 0,0,0,0,0,0, 0,0,0,0,0,0, 0,0,0,0,0,0, 0,0,0,0,0,0, 0,0, 0,0,0,0),
(127,147,0,0,0,0,0,0, 0,0,0,0,0,0, 0,0,0,0,0,0, 0,0,0,0,0,0, 0,0,0,0,0,0, 0,0,0,0,0,0, 0,0, 1,0,0,0),
(128,148,0,0,0,0,0,0, 0,0,0,0,0,0, 0,0,0,0,0,0, 0,0,0,0,0,0, 0,0,0,0,0,0, 0,0,0,0,0,0, 0,0, 0,0,0,0),
(129,149,0,0,0,0,0,0, 0,0,0,0,0,0, 0,0,0,0,0,0, 0,0,0,0,0,0, 0,0,0,0,0,0, 0,0,0,0,0,0, 0,0, 0,0,0,0),
(130,150,0,0,0,0,0,0, 0,0,0,0,0,0, 0,0,0,0,0,0, 0,0,0,0,0,0, 0,0,0,0,0,0, 0,0,0,0,0,0, 0,0, 0,0,0,0),
(131,151,8,4,4,0,0,0, 0,0,0,0,0,0, 0,0,0,0,0,0, 0,0,0,0,0,0, 6,2,4,0,0,0, 2,2,0,0,0,0, 0,0, 0,0,0,1),
(132,152,0,0,0,0,0,0, 0,0,0,0,0,0, 0,0,0,0,0,0, 0,0,0,0,0,0, 0,0,0,0,0,0, 0,0,0,0,0,0, 0,0, 0,0,0,0),
(133,153,2,1,1,0,0,0, 0,0,0,0,0,0, 0,0,0,0,0,0, 0,0,0,0,0,0, 2,1,1,0,0,0, 0,0,0,0,0,0, 0,0, 0,0,0,0),
-- partido 8
(134,157,2,1,1,0,0,0, 0,0,0,0,0,0, 0,0,0,0,0,0, 0,0,0,0,0,0, 1,0,0,0,1,0, 1,1,0,0,0,0, 1,0, 0,0,0,0),
(135,158,3,3,0,0,0,0, 0,0,0,0,0,0, 0,0,0,0,0,0, 0,0,0,0,0,0, 3,3,0,0,0,0, 0,0,0,0,0,0, 0,0, 0,0,0,0),
(136,159,8,5,3,0,0,0, 0,0,0,0,0,0, 0,0,0,0,0,0, 7,4,1,0,2,0, 0,0,0,0,0,0, 1,1,0,0,0,0, 1,0, 4,0,0,0),
(137,160,6,2,4,0,0,0, 0,0,0,0,0,0, 0,0,0,0,0,0, 4,0,1,0,2,1, 0,0,0,0,0,0, 2,2,0,0,0,0, 2,1, 2,0,0,0),
(138,161,5,4,1,0,0,0, 0,0,0,0,0,0, 0,0,0,0,0,0, 2,1,1,0,0,0, 0,0,0,0,0,0, 3,3,0,0,0,0, 0,0, 2,0,0,0),
(139,162,5,3,2,0,0,0, 0,0,0,0,0,0, 0,0,0,0,0,0, 1,0,1,0,0,0, 0,0,0,0,0,0, 4,3,1,0,0,0, 2,2, 1,0,0,0),
(140,163,4,2,2,0,0,0, 0,0,0,0,0,0, 0,0,0,0,0,0, 1,0,0,0,1,0, 0,0,0,0,0,0, 3,2,1,0,0,0, 1,1, 1,1,0,0),
(141,164,2,2,0,0,0,0, 0,0,0,0,0,0, 0,0,0,0,0,0, 0,0,0,0,0,0, 0,0,0,0,0,0, 2,2,0,0,0,0, 0,0, 0,0,0,0),
(142,165,2,2,0,0,0,0, 0,0,0,0,0,0, 0,0,0,0,0,0, 0,0,0,0,0,0, 0,0,0,0,0,0, 2,2,0,0,0,0, 0,0, 0,0,0,1),
(143,166,0,0,0,0,0,0, 0,0,0,0,0,0, 0,0,0,0,0,0, 0,0,0,0,0,0, 0,0,0,0,0,0, 0,0,0,0,0,0, 0,1, 0,0,0,0),
(144,167,2,1,1,0,0,0, 0,0,0,0,0,0, 0,0,0,0,0,0, 0,0,0,0,0,0, 0,0,0,0,0,0, 2,1,1,0,0,0, 0,1, 0,0,0,0),
(145,168,0,0,0,0,0,0, 0,0,0,0,0,0, 0,0,0,0,0,0, 0,0,0,0,0,0, 0,0,0,0,0,0, 0,0,0,0,0,0, 0,0, 0,0,0,0),
(146,169,0,0,0,0,0,0, 0,0,0,0,0,0, 0,0,0,0,0,0, 0,0,0,0,0,0, 0,0,0,0,0,0, 0,0,0,0,0,0, 0,1, 0,0,0,0),
(147,170,0,0,0,0,0,0, 0,0,0,0,0,0, 0,0,0,0,0,0, 0,0,0,0,0,0, 0,0,0,0,0,0, 0,0,0,0,0,0, 0,0, 0,0,0,0),
(148,171,0,0,0,0,0,0, 0,0,0,0,0,0, 0,0,0,0,0,0, 0,0,0,0,0,0, 0,0,0,0,0,0, 0,0,0,0,0,0, 0,0, 0,0,0,0),
(149,172,0,0,0,0,0,0, 0,0,0,0,0,0, 0,0,0,0,0,0, 0,0,0,0,0,0, 0,0,0,0,0,0, 0,0,0,0,0,0, 0,0, 0,0,0,0),
(150,173,6,5,1,0,0,0, 5,5,0,0,0,0, 0,0,0,0,0,0, 0,0,0,0,0,0, 0,0,0,0,0,0, 1,0,1,0,0,0, 1,1, 0,0,0,0),
(151,174,0,0,0,0,0,0, 0,0,0,0,0,0, 0,0,0,0,0,0, 0,0,0,0,0,0, 0,0,0,0,0,0, 0,0,0,0,0,0, 0,0, 0,0,0,0),
(152,175,0,0,0,0,0,0, 0,0,0,0,0,0, 0,0,0,0,0,0, 0,0,0,0,0,0, 0,0,0,0,0,0, 0,0,0,0,0,0, 0,0, 0,0,0,0),
-- partido 9
(153,179,2,2,0,0,0,0, 1,1,0,0,0,0, 0,0,0,0,0,0, 0,0,0,0,0,0, 1,1,0,0,0,0, 0,0,0,0,0,0, 0,1, 0,0,0,0),
(154,180,6,4,2,0,0,0, 0,0,0,0,0,0, 0,0,0,0,0,0, 0,0,0,0,0,0, 4,3,1,0,0,0, 2,1,1,0,0,0, 1,0, 0,0,0,0),
(155,181,11,6,5,0,0,0, 1,1,0,0,0,0, 0,0,0,0,0,0, 8,3,3,1,0,1, 0,0,0,0,0,0, 2,2,0,0,0,0, 0,0, 1,0,0,0),
(156,182,6,1,5,0,0,0, 0,0,0,0,0,0, 0,0,0,0,0,0, 4,0,3,0,1,0, 0,0,0,0,0,0, 2,1,1,0,0,0, 2,2, 1,0,0,0),
(157,183,7,4,3,0,0,0, 0,0,0,0,0,0, 0,0,0,0,0,0, 2,0,1,0,1,0, 0,0,0,0,0,0, 5,4,1,0,0,0, 4,0, 1,1,0,0),
(158,184,11,6,5,0,0,0, 2,1,1,0,0,0, 0,0,0,0,0,0, 0,0,0,0,0,0, 0,0,0,0,0,0, 9,5,3,1,0,0, 1,1, 4,0,0,0),
(159,185,2,0,2,0,0,0, 0,0,0,0,0,0, 0,0,0,0,0,0, 1,0,0,0,1,0, 0,0,0,0,0,0, 1,0,1,0,0,0, 1,0, 2,0,0,0),
(160,186,2,2,0,0,0,0, 0,0,0,0,0,0, 0,0,0,0,0,0, 0,0,0,0,0,0, 0,0,0,0,0,0, 2,2,0,0,0,0, 0,0, 0,0,0,0),
(161,187,5,4,1,0,0,0, 0,0,0,0,0,0, 0,0,0,0,0,0, 0,0,0,0,0,0, 0,0,0,0,0,0, 5,4,1,0,0,0, 0,1, 0,1,0,0),
(162,188,0,0,0,0,0,0, 0,0,0,0,0,0, 0,0,0,0,0,0, 0,0,0,0,0,0, 0,0,0,0,0,0, 0,0,0,0,0,0, 0,0, 0,0,0,0),
(163,189,5,3,2,0,0,0, 0,0,0,0,0,0, 0,0,0,0,0,0, 0,0,0,0,0,0, 0,0,0,0,0,0, 5,3,2,0,0,0, 0,1, 0,0,0,0),
(164,190,0,0,0,0,0,0, 0,0,0,0,0,0, 0,0,0,0,0,0, 0,0,0,0,0,0, 0,0,0,0,0,0, 0,0,0,0,0,0, 0,1, 0,0,0,0),
(165,191,0,0,0,0,0,0, 0,0,0,0,0,0, 0,0,0,0,0,0, 0,0,0,0,0,0, 0,0,0,0,0,0, 0,0,0,0,0,0, 0,0, 0,0,0,0),
(166,192,0,0,0,0,0,0, 0,0,0,0,0,0, 0,0,0,0,0,0, 0,0,0,0,0,0, 0,0,0,0,0,0, 0,0,0,0,0,0, 0,0, 0,0,0,0),
(167,193,0,0,0,0,0,0, 0,0,0,0,0,0, 0,0,0,0,0,0, 0,0,0,0,0,0, 0,0,0,0,0,0, 0,0,0,0,0,0, 0,0, 0,0,0,0),
(168,194,0,0,0,0,0,0, 0,0,0,0,0,0, 0,0,0,0,0,0, 0,0,0,0,0,0, 0,0,0,0,0,0, 0,0,0,0,0,0, 0,0, 0,0,0,0),
(169,195,6,4,2,0,0,0, 2,1,0,1,0,0, 0,0,0,0,0,0, 0,0,0,0,0,0, 1,0,1,0,0,0, 3,3,0,0,0,0, 1,1, 0,0,0,0),
(170,196,0,0,0,0,0,0, 0,0,0,0,0,0, 0,0,0,0,0,0, 0,0,0,0,0,0, 0,0,0,0,0,0, 0,0,0,0,0,0, 0,0, 0,0,0,0),
(171,197,2,0,2,0,0,0, 0,0,0,0,0,0, 0,0,0,0,0,0, 0,0,0,0,0,0, 2,0,2,0,0,0, 0,0,0,0,0,0, 0,0, 0,0,0,0),
-- partido 10
(172,201,0,0,0,0,0,0, 0,0,0,0,0,0, 0,0,0,0,0,0, 0,0,0,0,0,0, 0,0,0,0,0,0, 0,0,0,0,0,0, 0,1, 0,0,0,0),
(173,202,5,4,1,0,0,0, 0,0,0,0,0,0, 0,0,0,0,0,0, 0,0,0,0,0,0, 2,2,0,0,0,0, 3,2,1,0,0,0, 0,0, 0,0,0,0),
(174,203,4,1,3,0,0,0, 0,0,0,0,0,0, 0,0,0,0,0,0, 4,1,2,0,0,1, 0,0,0,0,0,0, 0,0,0,0,0,0, 1,1, 0,0,0,0),
(175,204,9,7,2,0,0,0, 0,0,0,0,0,0, 0,0,0,0,0,0, 6,5,0,0,1,0, 0,0,0,0,0,0, 3,2,1,0,0,0, 1,0, 2,0,1,0),
(176,205,4,4,0,0,0,0, 0,0,0,0,0,0, 0,0,0,0,0,0, 1,1,0,0,0,0, 0,0,0,0,0,0, 3,3,0,0,0,0, 3,0, 3,0,0,0),
(177,206,12,9,3,0,0,0, 1,1,0,0,0,0, 0,0,0,0,0,0, 5,4,1,0,0,0, 0,0,0,0,0,0, 6,4,2,0,0,0, 2,3, 1,0,1,0),
(178,207,2,0,2,0,0,0, 0,0,0,0,0,0, 0,0,0,0,0,0, 1,0,0,0,0,1, 0,0,0,0,0,0, 1,0,1,0,0,0, 2,0, 0,0,0,0),
(179,208,1,0,1,0,0,0, 0,0,0,0,0,0, 0,0,0,0,0,0, 0,0,0,0,0,0, 0,0,0,0,0,0, 1,0,0,0,1,0, 0,0, 0,0,0,0),
(180,209,1,1,0,0,0,0, 0,0,0,0,0,0, 0,0,0,0,0,0, 0,0,0,0,0,0, 0,0,0,0,0,0, 1,1,0,0,0,0, 0,1, 1,0,0,0),
(181,210,0,0,0,0,0,0, 0,0,0,0,0,0, 0,0,0,0,0,0, 0,0,0,0,0,0, 0,0,0,0,0,0, 0,0,0,0,0,0, 0,0, 0,0,0,0),
(182,211,3,2,1,0,0,0, 0,0,0,0,0,0, 0,0,0,0,0,0, 0,0,0,0,0,0, 0,0,0,0,0,0, 3,2,1,0,0,0, 0,1, 0,0,0,0),
(183,212,0,0,0,0,0,0, 0,0,0,0,0,0, 0,0,0,0,0,0, 0,0,0,0,0,0, 0,0,0,0,0,0, 0,0,0,0,0,0, 0,0, 0,0,0,0),
(184,213,0,0,0,0,0,0, 0,0,0,0,0,0, 0,0,0,0,0,0, 0,0,0,0,0,0, 0,0,0,0,0,0, 0,0,0,0,0,0, 0,0, 0,0,0,0),
(185,214,0,0,0,0,0,0, 0,0,0,0,0,0, 0,0,0,0,0,0, 0,0,0,0,0,0, 0,0,0,0,0,0, 0,0,0,0,0,0, 0,0, 0,0,0,0),
(186,215,0,0,0,0,0,0, 0,0,0,0,0,0, 0,0,0,0,0,0, 0,0,0,0,0,0, 0,0,0,0,0,0, 0,0,0,0,0,0, 0,0, 0,0,0,0),
(187,216,0,0,0,0,0,0, 0,0,0,0,0,0, 0,0,0,0,0,0, 0,0,0,0,0,0, 0,0,0,0,0,0, 0,0,0,0,0,0, 0,0, 0,0,0,0),
(188,217,8,5,3,0,0,0, 4,3,1,0,0,0, 0,0,0,0,0,0, 1,0,0,0,1,0, 1,1,0,0,0,0, 2,1,1,0,0,0, 0,0, 0,0,0,0),
(189,218,0,0,0,0,0,0, 0,0,0,0,0,0, 0,0,0,0,0,0, 0,0,0,0,0,0, 0,0,0,0,0,0, 0,0,0,0,0,0, 0,0, 0,0,0,0),
(190,219,0,0,0,0,0,0, 0,0,0,0,0,0, 0,0,0,0,0,0, 0,0,0,0,0,0, 0,0,0,0,0,0, 0,0,0,0,0,0, 0,0, 0,0,0,0);



-- Registros base de portero
INSERT INTO Estadisticas_portero (id_base) VALUES
(1),(23),(67),(88),(110),(132),(154),(176),(198),
(2),(24),(46),(68),(89),(111),(177),
(47),(134),(200);

INSERT INTO Portero_situaciones (id_base, situacion, goles_recibidos, lanzamientos_totales) VALUES
-- Partido 1 — Jorge
(1, 'posicional',  13, 20),(1, 'contra', 0, 0),(1, '7m', 0, 0),
-- Partido 2 — Jorge
(23,'posicional',  20, 35),(23,'contra', 2, 3),(23,'7m', 3, 4),
-- Partido 3 — Alejandro (Jorge no jugó)
(46,'posicional',  26, 37),(46,'contra', 1, 1),(46,'7m', 0, 0),
-- Partido 3 — Isaac
(47,'posicional',   7, 13),(47,'contra', 0, 0),(47,'7m', 3, 6),
-- Partido 4 — Jorge
(67,'posicional',  18, 27),(67,'contra', 2, 2),(67,'7m', 0, 1),
-- Partido 4 — Alejandro
(68,'posicional',  13, 19),(68,'contra', 1, 1),(68,'7m', 0, 1),
-- Partido 5 — Jorge
(88,'posicional',  13, 33),(88,'contra', 5, 6),(88,'7m', 1, 5),
-- Partido 6 — Jorge
(110,'posicional', 14, 29),(110,'contra', 3, 4),(110,'7m', 1, 4),
-- Partido 7 — Jorge
(132,'posicional', 23, 41),(132,'contra', 3, 4),(132,'7m', 3, 4),
-- Partido 7 — Isaac
(134,'posicional',  7, 7),(134,'contra', 0, 0),(134,'7m', 0, 0),
-- Partido 8 — Jorge
(154,'posicional', 16, 27),(154,'contra', 4, 5),(154,'7m', 5, 7),
-- Partido 9 — Jorge
(176,'posicional', 25, 43),(176,'contra', 3, 4),(176,'7m', 3, 4),
-- Partido 9 — Alejandro
(177,'posicional',  7, 9),(177,'contra', 0, 0),(177,'7m', 1, 2),
-- Partido 10 — Jorge
(198,'posicional', 19, 32),(198,'contra', 4, 5),(198,'7m', 4, 5),
-- Partido 10 — Isaac
(200,'posicional',  3, 6),(200,'contra', 0, 0),(200,'7m', 2, 2);

--estadísticas totales de temporada por jugador de campo
CREATE OR REPLACE VIEW v_totales_campo AS
SELECT
    j.id_jugador,
    j.nombre_jugador,
    j.dorsal,
    p.rol_especifico                              AS posicion,
    COUNT(DISTINCT eb.id_partido)                 AS partidos_jugados,
    SUM(NULLIF(eb.tiempo_tot::INTEGER, 0))        AS minutos_totales,
    ROUND(SUM(eb.valoracion_global)::NUMERIC, 1)  AS valoracion_total,
    ROUND(AVG(eb.valoracion_global)::NUMERIC, 2)  AS valoracion_media,
    -- Lanzamientos
    SUM(ec.total_lanzamientos)                    AS total_lanzamientos,
    SUM(ec.total_goles)                           AS total_goles,
    CASE WHEN SUM(ec.total_lanzamientos) > 0
         THEN ROUND(SUM(ec.total_goles)::NUMERIC / SUM(ec.total_lanzamientos) * 100, 1)
         ELSE 0 END                               AS pct_efectividad,
    -- Por zonas
    SUM(ec.m9_lanzamientos)                       AS m9_lanz,
    SUM(ec.m9_goles)                              AS m9_goles,
    SUM(ec.extremo_lanzamientos)                  AS ext_lanz,
    SUM(ec.extremo_goles)                         AS ext_goles,
    SUM(ec.m6_lanzamientos)                       AS m6_lanz,
    SUM(ec.m6_goles)                              AS m6_goles,
    SUM(ec.m7_lanzamientos)                       AS m7_lanz,
    SUM(ec.m7_goles)                              AS m7_goles,
    -- Valoración positiva
    SUM(ec.valoracion_positiva_asistencia)        AS asistencias,
    SUM(ec.valoracion_positiva_recuperacion)      AS recuperaciones,
    -- Valoración negativa
    SUM(ec.valoracion_negativa_perdida)           AS perdidas,
    SUM(ec.valoracion_negativa_pasos)             AS pasos,
    SUM(ec.valoracion_negativa_dobles)            AS dobles,
    SUM(ec.valoracion_negativa_falta_ataque)      AS faltas_ataque,
    -- Sanciones
    SUM(eb.sancion_amarilla)                      AS tarjetas_amarillas,
    SUM(eb.sancion_2mins_1 + eb.sancion_2mins_2)  AS exclusiones_2min,
    SUM(eb.sancion_roja)                          AS tarjetas_rojas,
    SUM(eb.sancion_azul)                          AS tarjetas_azules
FROM Jugadores j
JOIN Posicion p          ON j.id_posicion = p.id_posicion
JOIN Estadisticas_Base eb ON j.id_jugador = eb.id_jugador
JOIN Estadisticas_Campo ec ON eb.id_base   = ec.id_base
WHERE p.categoria = 'Campo'
  AND eb.tiempo_tot IS NOT NULL
GROUP BY j.id_jugador, j.nombre_jugador, j.dorsal, p.rol_especifico
ORDER BY valoracion_total DESC;


-- vista porteros totales de temporada
CREATE OR REPLACE VIEW v_totales_porteros AS
SELECT
    j.id_jugador,
    j.nombre_jugador,
    j.dorsal,
    COUNT(DISTINCT eb.id_partido)                           AS partidos_jugados,
    SUM(NULLIF(eb.tiempo_tot::INTEGER, 0))                  AS minutos_totales,
    ROUND(SUM(eb.valoracion_global)::NUMERIC, 1)            AS valoracion_total,
    -- Totales de portero 
    SUM(ps.lanzamientos_totales)                            AS lanzamientos_recibidos,
    SUM(ps.goles_recibidos)                                 AS goles_recibidos,
    SUM(ps.lanzamientos_totales) - SUM(ps.goles_recibidos)  AS paradas,
    CASE WHEN SUM(ps.lanzamientos_totales) > 0
         THEN ROUND((SUM(ps.lanzamientos_totales) - SUM(ps.goles_recibidos))::NUMERIC
              / SUM(ps.lanzamientos_totales) * 100, 1)
         ELSE 0 END                                         AS pct_paradas,
    -- por situacion
    SUM(CASE WHEN ps.situacion='posicional'  THEN ps.goles_recibidos     ELSE 0 END) AS goles_posicional,
    SUM(CASE WHEN ps.situacion='posicional'  THEN ps.lanzamientos_totales ELSE 0 END) AS lanz_posicional,
    SUM(CASE WHEN ps.situacion='contra'      THEN ps.goles_recibidos     ELSE 0 END) AS goles_contra,
    SUM(CASE WHEN ps.situacion='contra'      THEN ps.lanzamientos_totales ELSE 0 END) AS lanz_contra,
    SUM(CASE WHEN ps.situacion='7m'          THEN ps.goles_recibidos     ELSE 0 END) AS goles_7m,
    SUM(CASE WHEN ps.situacion='7m'          THEN ps.lanzamientos_totales ELSE 0 END) AS lanz_7m,
    -- sanciones
    SUM(eb.sancion_amarilla)                                AS tarjetas_amarillas,
    SUM(eb.sancion_2mins_1 + eb.sancion_2mins_2)            AS exclusiones_2min
FROM Jugadores j
JOIN Estadisticas_Base     eb ON j.id_jugador  = eb.id_jugador
JOIN Estadisticas_portero  ep ON eb.id_base    = ep.id_base
JOIN Portero_situaciones   ps ON eb.id_base    = ps.id_base
WHERE eb.tiempo_tot IS NOT NULL
GROUP BY j.id_jugador, j.nombre_jugador, j.dorsal
ORDER BY minutos_totales DESC;


CREATE OR REPLACE VIEW v_campo_por_partido AS
SELECT
    j.id_jugador,
    j.nombre_jugador,
    j.dorsal,
    p.rol_especifico                  AS posicion,
    pa.id_partido,
    pa.jornada,
    pa.fecha,
    eq_local.nombre_equipo            AS equipo_local,
    eq_visit.nombre_equipo            AS equipo_visitante,
    pa.goles_local,
    pa.goles_visitante,
    pa.condicion,
    eb.tiempo_tot,
    eb.valoracion_global,
    ec.total_lanzamientos,
    ec.total_goles,
    ec.m7_goles,
    ec.m9_goles,
    ec.extremo_goles,
    ec.m6_goles,
    ec.valoracion_positiva_asistencia AS asistencias,
    ec.valoracion_positiva_recuperacion AS recuperaciones,
    ec.valoracion_negativa_perdida    AS perdidas,
    eb.sancion_2mins_1 + eb.sancion_2mins_2 AS exclusiones
FROM Jugadores j
JOIN Posicion p            ON j.id_posicion    = p.id_posicion
JOIN Estadisticas_Base eb  ON j.id_jugador     = eb.id_jugador
JOIN Estadisticas_Campo ec ON eb.id_base       = ec.id_base
JOIN Partidos pa           ON eb.id_partido    = pa.id_partido
JOIN Equipos eq_local      ON pa.id_equipo_local     = eq_local.id_equipo
JOIN Equipos eq_visit      ON pa.id_equipo_visitante = eq_visit.id_equipo
WHERE p.categoria = 'Campo'
ORDER BY j.id_jugador, pa.jornada;


CREATE OR REPLACE VIEW v_resultados_zaragoza AS
SELECT
    pa.id_partido,
    pa.jornada,
    pa.fecha,
    pa.condicion,
    eq_l.nombre_equipo   AS equipo_local,
    pa.goles_local,
    pa.goles_visitante,
    eq_v.nombre_equipo   AS equipo_visitante,
    CASE
        WHEN pa.condicion = 'local'     AND pa.goles_local > pa.goles_visitante THEN 'Victoria'
        WHEN pa.condicion = 'visitante' AND pa.goles_visitante > pa.goles_local THEN 'Victoria'
        WHEN pa.goles_local = pa.goles_visitante                                THEN 'Empate'
        ELSE 'Derrota'
    END AS resultado,
    CASE pa.condicion
        WHEN 'local'     THEN pa.goles_local
        WHEN 'visitante' THEN pa.goles_visitante
    END AS goles_zaragoza,
    CASE pa.condicion
        WHEN 'local'     THEN pa.goles_visitante
        WHEN 'visitante' THEN pa.goles_local
    END AS goles_rival
FROM Partidos pa
JOIN Equipos eq_l ON pa.id_equipo_local     = eq_l.id_equipo
JOIN Equipos eq_v ON pa.id_equipo_visitante = eq_v.id_equipo
ORDER BY pa.jornada;

SELECT setval('roles_id_rol_seq',        (SELECT MAX(id_rol)        FROM Roles));
SELECT setval('users_id_usuario_seq',    (SELECT MAX(id_usuario)    FROM Users));
SELECT setval('posicion_id_posicion_seq',(SELECT MAX(id_posicion)   FROM Posicion));
SELECT setval('temporadas_id_temporada_seq',(SELECT MAX(id_temporada) FROM Temporadas));
SELECT setval('situacion_juego_id_situacion_seq',(SELECT MAX(id_situacion) FROM Situacion_Juego));

